Height [mm],Pressure [Atm]
0,0
0.1,0.00055
0.3,0.00114
0.7,0.0022
0.7,0.00302
0.6,0.00411
0.8,0.0046
0.8,0.00553
0.8,0.00613
0.4,0.0072
0.5,0.00809
0.5,0.00873
0.4,0.00981
0.6,0.01004
0.6,0.01099
0.6,0.01155
0.8,0.01147
0.8,0.0126
0.6,0.01141
0.7,0.01278
0.7,0.01282
0.8,0.01417
1.3,0.01437
1.3,0.01491
1,0.01508
1,0.01539
0.8,0.01593
1.2,0.01523
0.9,0.01626
1.1,0.01641
1.2,0.01588
0.8,0.01662
0.7,0.01661
0.7,0.01556
0.5,0.01599
0.5,0.01638
0.2,0.01638
0.4,0.01551
0.2,0.01622
0.3,0.01659
0.2,0.01581
0.1,0.01648
0.4,0.01569
0.3,0.01518
0.2,0.01612
0.5,0.0167
0.5,0.01615
0.6,0.016
0.6,0.01605
0.8,0.01674
0.8,0.01619
0.7,0.0167
0.7,0.01676
0.8,0.01721
0.7,0.01684
0.8,0.01703
0.8,0.01695
0.8,0.01711
0.6,0.01756
0.8,0.01676
0.8,0.01716
0.6,0.01655
1,0.01664
1.1,0.01658
0.8,0.01785
1,0.01788
0.9,0.01744
1.1,0.01672
0.8,0.0171
1.1,0.01701
1.1,0.01738
1,0.01734
1.1,0.0172
0.9,0.01679
0.8,0.01672
0.9,0.01644
0.7,0.01777
0.8,0.01676
0.8,0.01769
0.7,0.01811
0.9,0.01716
0.7,0.01717
0.7,0.01738
1,0.0164
0.9,0.01676
1.4,0.01699
1.1,0.01682
0.7,0.01703
0.9,0.01631
1.3,0.01664
1.3,0.01716
1.1,0.01709
1.3,0.01736
1.4,0.0169
1.4,0.0167
1.4,0.01731
1.2,0.01727
1.4,0.01672
1.3,0.01717
1.3,0.01706
1.4,0.01661
1.3,0.01629
1.3,0.01674
1.4,0.01695
1.3,0.01651
1.3,0.0166
1.3,0.01726
1.4,0.01681
1.4,0.01659
1.5,0.01754
1.4,0.01659
1.3,0.01741
1.4,0.01701
1.4,0.01691
1.4,0.01737
1.4,0.01719
1.3,0.01718
1.4,0.0169
1.3,0.01722
1.4,0.01653
1.3,0.01712
1.3,0.01721
1.3,0.01722
1.3,0.01673
1.2,0.01726
0.9,0.01678
0.7,0.01732
0.8,0.01719
0.8,0.01646
0.8,0.01718
0.9,0.01657
0.8,0.01725
0.8,0.01695
0.7,0.01713
0.7,0.0175
0.8,0.01725
0.7,0.01755
0.8,0.01714
0.4,0.01684
0.7,0.01706
0.6,0.01661
0.8,0.0174
0.7,0.01726
0.6,0.01656
0.7,0.01707
0.7,0.01683
0.8,0.01697
0.7,0.01649
0.7,0.01964
1.5,0.03855
2.2,0.06141
2.6,0.07341
2.4,0.07664
2.8,0.07824
3.2,0.07734
3,0.07814
3,0.07914
3,0.08014
3.1,0.07984
3.1,0.08064
2.9,0.08164
2.6,0.08244
2.5,0.08314
2.4,0.08464
2.4,0.08504
2.4,0.08614
2.5,0.08694
2.3,0.08784
2.6,0.08854
2.8,0.08834
2.7,0.08924
2.9,0.08964
3.2,0.08954
3.1,0.08954
3.1,0.09014
3,0.09024
2.8,0.09004
3,0.08994
3.1,0.09064
3,0.09004
3,0.09124
3.2,0.09014
3.1,0.09084
3,0.09104
3.1,0.09174
3,0.09134
3,0.09164
3,0.09174
3.1,0.09124
3.1,0.09254
3.1,0.09264
3,0.09254
3,0.09294
3,0.09304
3.2,0.09224
2.9,0.09214
3,0.09244
2.9,0.09264
3,0.09174
3,0.09174
3.2,0.09104
3,0.09244
2.9,0.09164
2.9,0.09174
3,0.09104
2.9,0.09224
3,0.09184
3.1,0.09104
3.2,0.09204
3.1,0.09164
3.5,0.09204
3.5,0.09164
3.5,0.09244
3.8,0.09174
3.7,0.09114
3.7,0.09164
3.5,0.09124
3.7,0.09234
3.6,0.09094
4.1,0.09194
4.3,0.09194
4.1,0.09104
4.1,0.09184
4,0.09154
3.8,0.09164
3.6,0.09124
3.7,0.09244
3.6,0.09154
3.6,0.09174
3.6,0.09244
3.7,0.09164
3.6,0.09214
3.6,0.09184
4.1,0.09194
3.7,0.09194
3.8,0.09154
3.6,0.09204
3.9,0.09154
4.1,0.09214
4.1,0.09164
4,0.09234
3.7,0.09214
3.8,0.09204
3.9,0.09224
4.3,0.09244
4.1,0.09214
4,0.09294
4,0.09294
4,0.09194
4.2,0.09274
4.2,0.09294
4.2,0.09254
4.1,0.09264
4,0.09294
4.2,0.09244
3.8,0.09264
3.9,0.09264
4,0.09284
3.6,0.09274
3.7,0.09334
3.6,0.09254
3.6,0.09254
3.7,0.09294
3.7,0.09214
3.7,0.09374
3.5,0.09224
3.6,0.09214
3.6,0.09314
3.6,0.09274
3.7,0.09294
3.7,0.09254
3.5,0.09294
3.7,0.09284
3.6,0.09394
3.7,0.09234
3.7,0.09304
3.6,0.09334
3.7,0.09284
3.6,0.09304
3.8,0.09284
3.7,0.09284
3.5,0.09304
3.6,0.09314
3.6,0.09314
3.8,0.09364
3.8,0.09274
4.1,0.09314
3.6,0.09334
3.9,0.09254
4.2,0.09244
4.1,0.09294
4.3,0.09304
4.2,0.09344
4.3,0.09334
4.2,0.09234
4.3,0.09354
4.2,0.09294
4.2,0.09314
4.3,0.09334
4.1,0.09334
4,0.09304
4.1,0.10094
3.9,0.12844
3.6,0.15054
3.6,0.15934
3.7,0.16034
3.7,0.15964
3.8,0.15814
4.1,0.15804
4.1,0.15804
4.1,0.15884
4.4,0.15954
4.4,0.16084
4.2,0.16174
4.4,0.16214
4.7,0.16404
4.7,0.16404
4.8,0.16344
4.9,0.16404
4.8,0.16444
4.3,0.16444
4.3,0.16404
4.2,0.16414
4.1,0.16524
4.2,0.16504
4.1,0.16524
4.2,0.16594
4.2,0.16614
4.3,0.16584
4.7,0.16614
4.6,0.16634
4.7,0.16624
4.1,0.16674
4,0.16674
4.3,0.16674
4.1,0.16694
4,0.16704
4.3,0.16594
4.2,0.16694
4.3,0.16644
4.2,0.16614
4.1,0.16604
4.2,0.16604
4.1,0.16534
4.2,0.16604
4.2,0.16534
4.2,0.16584
4.3,0.16574
4.1,0.16574
4.3,0.16534
4.1,0.16524
4.3,0.16484
3.8,0.16604
4.2,0.16574
4.2,0.16534
4.3,0.16464
4.1,0.16604
4.2,0.16494
4.2,0.16594
4,0.16594
4.3,0.16534
4.1,0.16574
4.2,0.16544
4.1,0.16564
4.3,0.16624
4.2,0.16614
4.2,0.16644
4.2,0.16714
4.2,0.16624
4,0.16714
4.2,0.16694
4.2,0.16704
4.2,0.16754
4.2,0.16734
4.3,0.16704
4.2,0.16724
4.2,0.16764
4.1,0.16744
4.3,0.16774
4.4,0.16774
4.3,0.16754
4.5,0.16774
4.7,0.16814
4.9,0.16734
4.8,0.16704
4.8,0.16754
4.7,0.16754
4.8,0.16764
4.7,0.16754
4.3,0.16754
4.2,0.16744
4.4,0.16724
4.7,0.16744
4.7,0.16704
4.8,0.16714
4.7,0.16684
4.7,0.16694
4.7,0.16724
4.8,0.16714
4.6,0.16704
4.7,0.16704
4.8,0.16704
4.7,0.16724
4.9,0.16784
4.8,0.16664
4.8,0.16814
4.7,0.16754
4.8,0.16704
4.9,0.16684
5,0.16744
5.1,0.16744
5.1,0.16754
5,0.16704
5.3,0.16724
5.2,0.16694
5.1,0.16734
5.1,0.16764
5.1,0.16734
4.8,0.16704
4.8,0.16744
4.8,0.16794
4.9,0.16724
4.8,0.16704
4.7,0.16824
4.9,0.16734
4.8,0.16774
4.7,0.16774
4.8,0.16734
4.7,0.16774
4.7,0.16794
4.7,0.16774
4.7,0.16814
4.6,0.16784
4.7,0.16734
4.8,0.16744
4.7,0.16784
4.8,0.16794
4.7,0.16824
4.5,0.16834
4.6,0.16764
4.7,0.16824
4.9,0.16764
4.8,0.16764
4.8,0.16824
4.8,0.16784
4.8,0.16764
4.8,0.16804
4.8,0.16824
4.8,0.16754
4.9,0.16834
4.8,0.16784
4.8,0.16854
4.8,0.16824
4.6,0.17244
4.4,0.19884
4.8,0.22634
5.1,0.23934
4.9,0.24184
4.7,0.23984
4.6,0.23814
4.8,0.23684
4.9,0.23524
4.8,0.23584
4.8,0.23794
4.8,0.23884
4.9,0.23924
4.9,0.24034
5.3,0.24094
5.3,0.24074
5.3,0.24144
5.4,0.24104
5.4,0.24124
5.3,0.24254
5.3,0.24234
5.3,0.24154
5.4,0.24224
5.3,0.24254
5.3,0.24234
5.4,0.24294
5.6,0.24194
5.7,0.24204
5.4,0.24204
5.4,0.24164
5.4,0.24244
5.4,0.24174
5.4,0.24184
5.3,0.24144
5.2,0.24174
5.5,0.24254
5.4,0.24174
5.4,0.24204
5.5,0.24274
5.4,0.24194
5.2,0.24284
5.4,0.24324
5.4,0.24314
5.3,0.24334
5.4,0.24354
5.4,0.24284
5.3,0.24264
5.2,0.24334
5.2,0.24354
5.3,0.24394
5.3,0.24314
5.6,0.24324
5.7,0.24314
5.3,0.24404
5.3,0.24304
5.3,0.24324
5.3,0.24324
5.2,0.24334
5.3,0.24314
5.5,0.24324
5.7,0.24344
6,0.24244
5.9,0.24334
5.8,0.24304
6,0.24354
5.9,0.24304
5.8,0.24294
5.9,0.24244
6,0.24304
5.9,0.24304
6,0.24294
5.9,0.24314
5.9,0.24224
5.8,0.24344
5.5,0.24304
5.3,0.24384
5.4,0.24284
5.3,0.24254
5.5,0.24284
5.4,0.24274
5.4,0.24224
5.3,0.24294
5.3,0.24334
5.5,0.24294
5.8,0.24344
5.6,0.24324
5.4,0.24304
5.4,0.24354
5.2,0.24314
5.6,0.24304
5.6,0.24324
5.8,0.24344
5.9,0.24244
5.7,0.24274
5.5,0.24344
5.8,0.24304
5.7,0.24314
5.8,0.24364
5.6,0.24294
5.9,0.24264
5.7,0.24334
5.8,0.24314
5.9,0.24304
5.9,0.24314
5.7,0.24304
5.9,0.24324
6,0.24254
6,0.24294
6,0.24244
5.9,0.24264
5.8,0.24384
6.1,0.24304
6,0.24274
5.9,0.24334
5.9,0.24374
5.9,0.24374
6,0.24364
5.8,0.24274
5.9,0.24324
5.9,0.24274
6,0.24334
5.8,0.24314
5.9,0.24284
5.9,0.24304
5.9,0.24354
6.2,0.24384
6.2,0.24274
6.4,0.24344
6.5,0.24354
6.5,0.24294
6.5,0.24324
6.3,0.24304
6.5,0.24294
6.4,0.24314
6.1,0.24414
6.4,0.24334
6.4,0.24314
6.2,0.24304
6.5,0.24334
6.6,0.24394
6.5,0.24354
6.5,0.24354
6.5,0.24344
6.6,0.24274
6.5,0.24354
6.4,0.24394
6.2,0.24324
6.5,0.24394
6.6,0.24384
6.6,0.24384
6.6,0.24294
6.5,0.24354
6.5,0.24364
6.6,0.26334
6.4,0.29554
6.4,0.31654
6.4,0.32254
6.5,0.32094
6.5,0.31874
6.4,0.31594
6.5,0.31384
6.3,0.31284
6.4,0.31214
6.6,0.31314
6.5,0.31344
6.5,0.31374
6.5,0.31434
6.5,0.31514
6.4,0.31564
6.5,0.31674
6.5,0.31614
6.7,0.31594
7,0.31584
6.9,0.31594
6.8,0.31594
6.9,0.31604
6.9,0.31614
6.7,0.31574
7,0.31714
6.8,0.31554
7,0.31624
6.9,0.31724
7.1,0.31684
7,0.31714
6.9,0.31734
6.6,0.31694
6.8,0.31744
7.2,0.31734
7.1,0.31774
7.1,0.31754
7.2,0.31704
6.9,0.31784
7,0.31824
7.2,0.31804
7.2,0.31844
7.1,0.31904
7.3,0.31864
7.1,0.31854
7.2,0.31874
7.1,0.31914
6.8,0.31904
7,0.31854
7.2,0.31874
7,0.31824
7,0.31854
7.1,0.31834
7.3,0.31844
7.5,0.31814
7.4,0.31834
7.4,0.31784
7.6,0.31734
7.7,0.31784
7.6,0.31764
7.6,0.31774
7.7,0.31774
7.6,0.31794
7.6,0.31774
7.7,0.31794
7.6,0.31764
7.3,0.31754
7.3,0.31704
7.2,0.31774
7.5,0.31844
7.5,0.31714
7.7,0.31764
7.6,0.31734
8,0.31654
7.8,0.31784
7.6,0.31764
8,0.31744
7.8,0.31814
7.6,0.31814
7.7,0.31824
7.5,0.31764
7.6,0.31794
7.5,0.31794
7.7,0.31754
7.7,0.31704
7.6,0.31794
7.7,0.31804
7.6,0.31824
7.6,0.31794
7.6,0.31774
7.8,0.31804
7.6,0.31784
7.6,0.31804
7.9,0.31754
8.2,0.31794
8.2,0.31744
8.2,0.31744
8.1,0.31684
8.2,0.31664
8.2,0.31684
8.3,0.31594
8.3,0.31624
8.2,0.31654
8.1,0.31684
8.2,0.31634
8.2,0.31624
8.2,0.31704
8.2,0.31624
8.2,0.31674
8.3,0.31714
8.3,0.31724
8.3,0.31734
8.1,0.31714
7.9,0.31694
7.5,0.31784
7.5,0.31744
7.6,0.31744
7.7,0.31834
7.6,0.31794
7.8,0.31814
7.7,0.31884
7.6,0.31874
7.7,0.31794
7.6,0.31834
7.7,0.31824
7.8,0.31894
7.9,0.31854
7.9,0.31754
8,0.31834
8.2,0.31784
8,0.31894
7.8,0.31844
7.8,0.31804
8.1,0.31834
8.2,0.31804
8.1,0.31834
8.1,0.31854
8.2,0.31794
8.2,0.31814
8.2,0.31914
8.3,0.31904
8.2,0.31824
8.3,0.31934
8.2,0.31864
8.2,0.31914
8.2,0.31814
8.1,0.31824
8.2,0.31854
8.2,0.31884
8.1,0.31834
8.1,0.31924
8.3,0.31824
8.2,0.32654
8.1,0.35814
8.1,0.38744
8,0.40124
8.1,0.40304
8.2,0.40034
8,0.39674
7.9,0.39394
7.7,0.39104
7.7,0.38894
8.3,0.38834
8.2,0.38964
8.2,0.39044
8.2,0.39074
8.1,0.39174
8.1,0.39134
8.3,0.39174
8.2,0.39284
8.1,0.39304
8.3,0.39254
8.6,0.39214
8.8,0.39254
8.7,0.39314
8.8,0.39304
8.7,0.39354
8.8,0.39414
8.8,0.39244
8.8,0.39314
8.4,0.39294
8.2,0.39324
8.2,0.39234
8.3,0.39334
8.3,0.39324
8.3,0.39284
8.7,0.39274
8.7,0.39294
8.7,0.39324
8.6,0.39354
8.5,0.39344
8.8,0.39374
8.5,0.39384
8.8,0.39414
8.8,0.39444
8.8,0.39454
9,0.39474
9.1,0.39354
9,0.39384
9.1,0.39324
8.8,0.39274
8.8,0.39224
8.8,0.39254
8.7,0.39124
8.9,0.39144
9.3,0.39144
9.4,0.39224
9.3,0.39274
9.3,0.39354
8.8,0.39374
8.6,0.39464
8.8,0.39394
8.9,0.39424
8.7,0.39424
8.6,0.39404
8.8,0.39474
8.7,0.39474
8.8,0.39484
8.7,0.39464
8.8,0.39494
8.9,0.39454
9.1,0.39384
9.3,0.39424
9.2,0.39394
9.2,0.39374
9.4,0.39304
9.3,0.39324
9.3,0.39284
9.2,0.39324
8.8,0.39264
9,0.39294
8.9,0.39294
9.4,0.39344
9.4,0.39274
9.2,0.39154
9.2,0.39264
9.2,0.39164
9.3,0.39204
9.1,0.39164
9.4,0.39164
9.5,0.39224
9.3,0.39144
9.3,0.39234
9.3,0.39254
9.4,0.39334
9.4,0.39334
9.3,0.39364
9.1,0.39394
9.1,0.39384
8.9,0.39394
9,0.39384
9.1,0.39374
9.2,0.39324
8.9,0.39464
9,0.39354
8.9,0.39364
8.8,0.39334
8.9,0.39324
9.1,0.39444
9.3,0.39364
9.4,0.39374
9.4,0.39344
9.2,0.39324
9.3,0.39334
8.9,0.39294
9.1,0.39314
9.3,0.39304
9.2,0.39314
9.2,0.39334
9.4,0.39294
9.4,0.39374
9.3,0.39374
9.3,0.39324
9.4,0.39264
9.4,0.39344
9.4,0.39324
9.3,0.39314
9.3,0.39384
9.3,0.39344
9.7,0.39354
9.5,0.39414
9.6,0.39434
9.7,0.39424
9.6,0.39424
9.4,0.39414
9.4,0.39364
9.5,0.39284
9.7,0.39434
9.7,0.39374
9.8,0.39304
9.8,0.39334
9.8,0.39384
9.6,0.39354
9.8,0.39324
9.7,0.39364
9.8,0.39314
10,0.39324
9.9,0.39324
9.9,0.39294
9.8,0.39284
9.9,0.39254
9.8,0.39304
9.7,0.39324
9.9,0.39224
9.8,0.39344
9.8,0.40634
9.3,0.44214
9.6,0.47084
9.3,0.48334
9.4,0.48224
9.7,0.47974
9.8,0.47524
9.9,0.47234
9.9,0.46884
10,0.46784
9.9,0.46634
9.9,0.46604
9.9,0.46584
10,0.46624
9.9,0.46674
10.3,0.46624
10.4,0.46754
10.5,0.46744
9.8,0.46824
10.1,0.46764
9.8,0.46834
10,0.46814
10.1,0.46814
10.4,0.46794
10.5,0.46784
10.6,0.46804
10.3,0.46734
9.9,0.46744
9.9,0.46734
9.9,0.46694
9.8,0.46784
10,0.46724
10.1,0.46824
9.9,0.46704
9.8,0.46684
10.1,0.46754
10.4,0.46734
10.4,0.46744
10.5,0.46724
10.5,0.46754
10.6,0.46824
10.5,0.46734
10.3,0.46774
10.5,0.46814
10.5,0.46814
10.6,0.46804
10.5,0.46744
10.4,0.46824
10.5,0.46874
10.5,0.46804
10.5,0.46904
10.6,0.46874
10.4,0.46904
10.5,0.46884
10.4,0.46814
10.5,0.46784
10.5,0.46804
10.1,0.46764
10.1,0.46814
10.3,0.46864
9.9,0.46854
10.4,0.46754
10.4,0.46874
10.5,0.46714
9.9,0.46814
10.3,0.46834
10.4,0.46824
10.4,0.46834
10.5,0.46834
10.4,0.46894
10.4,0.46824
10.5,0.46924
10.6,0.46934
10.5,0.46974
10.6,0.46944
10.5,0.46954
10.5,0.47004
10.6,0.46974
10.4,0.47024
10.5,0.47024
10.5,0.47034
10.6,0.46994
10.5,0.47054
10.5,0.47074
10.6,0.47004
10.6,0.46934
10.6,0.46934
10.5,0.46954
10.2,0.46894
9.9,0.46834
10.1,0.46774
10.1,0.46894
9.8,0.46774
10.2,0.46844
10.2,0.46864
10.5,0.46824
10.5,0.46944
10.4,0.46954
10.5,0.46944
10.6,0.46964
10.5,0.46964
10.6,0.46984
10.5,0.46884
10.5,0.46974
10.5,0.46854
10.6,0.46914
10.6,0.46874
10.5,0.46934
10.8,0.46924
11.1,0.46904
10.9,0.46894
11.1,0.46914
11.2,0.46884
11,0.46814
10.9,0.46854
11.2,0.46854
10.9,0.46844
10.7,0.46804
10.6,0.46864
10.9,0.46864
10.7,0.46824
10.9,0.46804
10.8,0.46844
10.9,0.46834
10.6,0.46844
10.6,0.46914
10.6,0.46854
10.7,0.46914
10.6,0.46894
10.4,0.46914
10.6,0.46904
10.4,0.46874
10.7,0.46854
10.9,0.46864
11.1,0.46834
11.1,0.46914
11,0.46864
10.9,0.46844
11.1,0.46774
11.1,0.46814
11.2,0.46854
11,0.46864
11.2,0.46764
11,0.46864
11.1,0.46864
11.4,0.46804
11.2,0.46864
11.1,0.46844
11.1,0.46854
11.1,0.46834
11.2,0.46914
11.6,0.46874
11.3,0.47834
11.6,0.51394
11.5,0.54684
11.7,0.56314
11.4,0.56284
11.7,0.55774
11.7,0.55424
11.7,0.55104
11.6,0.54784
11.5,0.54434
11.6,0.54304
11.5,0.54224
11.7,0.54314
11.7,0.54334
11.7,0.54454
11.6,0.54504
11.4,0.54514
11.7,0.54594
11.7,0.54534
11.7,0.54474
11.6,0.54484
11.6,0.54484
11.7,0.54514
11.7,0.54444
11.6,0.54504
11.7,0.54554
11.7,0.54474
11.6,0.54514
11.7,0.54504
11.9,0.54474
12.2,0.54444
11.8,0.54524
12,0.54504
11.6,0.54454
11.8,0.54484
11.7,0.54494
12.1,0.54504
12.1,0.54544
12.1,0.54494
12.1,0.54544
12,0.54584
12.2,0.54544
12.1,0.54564
12.2,0.54454
12,0.54444
12.1,0.54424
12.2,0.54394
12.1,0.54354
12.3,0.54354
12.2,0.54314
12.4,0.54324
12.3,0.54354
12.2,0.54414
12.2,0.54404
12.3,0.54484
12.2,0.54494
12.1,0.54504
12.2,0.54414
12,0.54444
12.2,0.54454
12.1,0.54344
12.2,0.54344
12.5,0.54294
12.3,0.54354
12,0.54334
12.1,0.54284
12.2,0.54284
12.2,0.54254
12.2,0.54334
12.2,0.54314
12.3,0.54354
12,0.54334
12.1,0.54454
12.2,0.54404
12.3,0.54454
12.2,0.54374
12.2,0.54494
12.2,0.54434
12.1,0.54444
12.3,0.54454
12.2,0.54344
12.2,0.54384
12.1,0.54424
12.3,0.54354
12.3,0.54414
12.4,0.54404
12.8,0.54424
12.8,0.54314
12.7,0.54414
12.8,0.54354
12.7,0.54384
12.7,0.54344
12.7,0.54344
12.7,0.54364
12.8,0.54334
12.7,0.54324
12.7,0.54334
12.9,0.54364
12.7,0.54344
12.8,0.54274
12.8,0.54334
12.7,0.54314
12.7,0.54314
12.7,0.54344
12.7,0.54374
12.7,0.54274
12.8,0.54394
12.8,0.54294
12.7,0.54334
12.9,0.54294
12.7,0.54314
12.7,0.54304
12.7,0.54334
12.7,0.54324
12.7,0.54324
12.8,0.54274
12.9,0.54374
12.7,0.54354
12.7,0.54334
12.8,0.54334
12.6,0.54344
12.8,0.54294
12.1,0.54344
12.3,0.54324
12.1,0.54414
12.2,0.54344
12.5,0.54394
12.2,0.54394
12.3,0.54484
12.4,0.54404
12.7,0.54394
12.7,0.54414
12.7,0.54434
12.7,0.54454
12.6,0.54424
12.3,0.54484
12.3,0.54514
12.2,0.54404
12.3,0.54454
12.2,0.54474
12.4,0.54534
12.5,0.54474
12.4,0.54444
12.4,0.54384
12.3,0.54474
12.4,0.54434
12.7,0.54364
12.7,0.54484
12.7,0.54454
12.9,0.54464
12.9,0.54364
12.7,0.54454
12.8,0.54484
12.7,0.54634
12.7,0.57484
12.8,0.61124
12.8,0.63514
12.8,0.63874
12.7,0.63544
12.9,0.63054
12.7,0.62804
12.6,0.62424
12.7,0.62034
12.8,0.61824
12.9,0.61784
12.8,0.61824
12.8,0.61834
12.8,0.61854
12.7,0.61974
12.8,0.61934
12.7,0.62054
12.6,0.61974
12.8,0.62054
13.2,0.62004
13.4,0.61964
13.2,0.61944
13.1,0.61804
12.8,0.61894
12.7,0.61854
13.2,0.61884
13.3,0.61854
13.4,0.61864
13.2,0.61954
13.4,0.61884
13.3,0.61884
13.3,0.61914
13.2,0.61894
13.4,0.61854
13.1,0.61964
13.3,0.61894
13.3,0.61944
13.3,0.61964
13.3,0.61974
13.4,0.61884
13.3,0.61994
13.1,0.61994
13.3,0.61974
13.4,0.61934
13.4,0.62014
13.5,0.61954
13.8,0.61884
13.6,0.61964
13.8,0.61944
13.8,0.61944
13.8,0.61944
13.4,0.61954
13.4,0.62014
13.3,0.61994
13.3,0.61934
13.4,0.61964
13.3,0.61934
13.3,0.61954
13.3,0.61964
13.4,0.61874
13.6,0.62024
13.9,0.61974
13.9,0.62014
13.8,0.61984
13.9,0.62034
13.8,0.61964
13.9,0.61954
13.9,0.61984
13.9,0.62034
13.9,0.61974
13.9,0.61984
14,0.62004
14,0.61924
14,0.62034
13.9,0.61994
13.9,0.61954
14,0.61994
14,0.61974
13.8,0.61934
13.8,0.61934
13.8,0.61994
13.9,0.61924
13.9,0.61834
13.8,0.61974
13.9,0.61954
14,0.61804
13.9,0.61884
13.9,0.61914
13.9,0.61914
13.9,0.61874
13.8,0.61824
13.9,0.61904
13.8,0.61894
13.8,0.61834
14,0.61864
13.9,0.61854
13.9,0.61924
13.8,0.61824
14,0.61834
13.9,0.61844
14,0.61954
14.3,0.61874
14.2,0.61834
14.2,0.61894
14.2,0.61914
14,0.61834
13.7,0.61874
13.8,0.61844
14,0.61904
13.9,0.61914
13.9,0.61894
13.8,0.61854
13.7,0.61834
13.8,0.61884
13.9,0.61924
14,0.61834
14.2,0.61914
14.4,0.61884
14.4,0.61864
14.3,0.61844
13.9,0.61874
14.3,0.61824
14,0.61844
13.8,0.61814
14.1,0.61844
14.2,0.61874
13.9,0.61864
13.9,0.61944
13.9,0.61954
13.9,0.61964
13.9,0.61984
14,0.62044
14.2,0.61984
14.2,0.62054
13.8,0.61954
13.9,0.62044
13.8,0.62014
13.9,0.61894
13.9,0.61934
13.8,0.62014
13.8,0.61944
13.8,0.61864
13.8,0.61954
13.7,0.61944
13.8,0.61864
14,0.61934
13.8,0.61824
13.8,0.61924
13.8,0.61904
13.5,0.61924
13.5,0.61924
13.8,0.61894
13.8,0.62854
13.9,0.66514
14,0.69924
14.5,0.71634
14.6,0.71564
14.5,0.71034
14.4,0.70614
14.5,0.70234
14.5,0.69944
14.5,0.69554
14.5,0.69244
14.4,0.69314
14.5,0.69254
14.5,0.69344
14.5,0.69414
14.5,0.69364
14.5,0.69464
14.9,0.69304
15.1,0.69334
15,0.69354
15,0.69284
15.2,0.69314
15,0.69344
15,0.69334
15.1,0.69314
15.1,0.69364
15,0.69354
15.2,0.69324
15.1,0.69274
15,0.69334
14.9,0.69304
14.9,0.69334
15.1,0.69274
15.1,0.69294
15.1,0.69334
15,0.69234
15,0.69334
14.9,0.69364
15.1,0.69294
15.1,0.69304
15,0.69364
15,0.69464
14.9,0.69354
15.1,0.69394
15.1,0.69384
15,0.69504
15,0.69364
15.1,0.69424
15.2,0.69374
15.1,0.69414
15,0.69434
15,0.69464
15.2,0.69464
15,0.69494
15,0.69454
15.2,0.69394
15,0.69264
15.1,0.69324
15,0.69234
15,0.69304
15.1,0.69394
15,0.69524
15.1,0.69494
15.1,0.69454
15.1,0.69524
15.1,0.69504
15.1,0.69514
15.1,0.69464
15,0.69434
15,0.69474
15.4,0.69454
15.6,0.69444
15.6,0.69364
15.6,0.69384
15.4,0.69344
15.4,0.69484
15.2,0.69404
15.5,0.69504
15.3,0.69474
15,0.69554
15.4,0.69504
15.1,0.69584
15.1,0.69654
15.3,0.69574
15.4,0.69564
15.1,0.69554
15.1,0.69514
15.3,0.69504
15.6,0.69524
15.5,0.69424
15.7,0.69374
15.6,0.69384
15.6,0.69374
15.4,0.69414
15.7,0.69464
15.5,0.69414
15.5,0.69524
15.7,0.69454
15.6,0.69524
15.6,0.69494
15.6,0.69534
15.6,0.69494
15.5,0.69564
15.7,0.69504
15.5,0.69594
15.6,0.69514
15.5,0.69494
15.5,0.69564
15.6,0.69504
15.5,0.69504
15.9,0.69524
16,0.69504
16.1,0.69424
16.2,0.69424
16.3,0.69474
16.2,0.69444
16.2,0.69484
16.2,0.69404
15.6,0.69454
15.7,0.69464
15.6,0.69384
15.6,0.69474
15.6,0.69374
15.7,0.69434
15.7,0.69434
16,0.69444
16.3,0.69424
16.2,0.69484
16.3,0.69414
16.2,0.69414
16.2,0.69424
16.3,0.69474
16.2,0.69534
16.2,0.69404
16.3,0.69454
16,0.69424
15.9,0.69434
15.6,0.69424
15.6,0.69484
15.9,0.69464
16.3,0.69474
16.2,0.69444
16.2,0.69474
16.2,0.69484
16.2,0.69474
16.3,0.69394
16.3,0.69434
16.2,0.69444
16.2,0.69354
16.2,0.69424
16.1,0.69424
16.4,0.69284
16.2,0.69594
16,0.72494
16.1,0.76424
15.9,0.78834
16.1,0.79204
16.1,0.78734
16.2,0.78304
16.3,0.77864
16.5,0.77524
16.7,0.77104
16.7,0.76784
16.6,0.76724
16.7,0.76674
16.6,0.76634
16.4,0.76724
16.2,0.76784
16.3,0.76804
16.2,0.76854
16.6,0.76884
16.6,0.76854
16.8,0.76824
16.7,0.76764
16.7,0.76774
16.6,0.76864
16.2,0.76844
16.8,0.76894
16.6,0.76964
16.7,0.77024
16.7,0.77014
16.8,0.76934
16.7,0.76974
16.6,0.76954
16.7,0.76924
16.8,0.76874
16.8,0.76834
16.7,0.76874
16.8,0.76854
16.7,0.76814
16.8,0.76784
16.7,0.76774
16.7,0.76764
16.7,0.76754
16.7,0.76804
16.6,0.76784
16.7,0.76774
16.8,0.76774
16.7,0.76744
16.8,0.76804
16.7,0.76874
16.6,0.76974
16.8,0.76894
16.6,0.76884
16.3,0.76914
16.4,0.76774
16.5,0.76854
16.4,0.76774
16.7,0.76754
16.7,0.76764
16.7,0.76664
16.7,0.76714
16.5,0.76634
16.8,0.76694
16.6,0.76734
16.7,0.76744
16.7,0.76744
16.8,0.76794
16.8,0.76854
16.8,0.76864
16.8,0.76784
16.7,0.76864
16.7,0.76854
16.8,0.76824
16.9,0.76904
16.8,0.76864
16.7,0.76814
16.7,0.76774
16.7,0.76804
16.7,0.76794
16.6,0.76734
16.9,0.76734
17.2,0.76734
17.3,0.76784
17.2,0.76744
17.1,0.76744
17,0.76724
17.4,0.76754
17.3,0.76804
17.2,0.76874
16.8,0.76854
17.3,0.76844
17.4,0.76944
17.4,0.76944
17.1,0.76964
17.4,0.77004
17,0.76994
17,0.76984
17.2,0.76974
17.3,0.76904
17.3,0.76914
17.5,0.76944
17.3,0.76864
17.3,0.76904
17.5,0.76804
17.6,0.76774
18,0.76844
17.5,0.76804
17.4,0.76904
17.4,0.76824
17.3,0.76964
17.4,0.76914
17.4,0.77024
17.3,0.76884
17.3,0.76904
17.2,0.76934
17.2,0.76894
17.2,0.76954
16.8,0.76904
17,0.76824
17.2,0.76884
17.3,0.76894
17.3,0.76854
17.4,0.76904
17.2,0.76814
17.4,0.76834
17.4,0.76844
17.4,0.76924
17.3,0.76834
17.4,0.76854
17.3,0.76834
17.3,0.76854
16.9,0.76914
16.9,0.76924
16.7,0.76974
16.8,0.77004
16.8,0.77024
17,0.76944
17.4,0.77014
17,0.76894
16.9,0.76934
16.7,0.76864
16.7,0.76794
16.7,0.76784
16.7,0.76804
16.7,0.76844
16.8,0.76904
16.8,0.76904
16.8,0.76994
16.8,0.76904
16.6,0.76994
16.7,0.76994
16.8,0.76924
17.1,0.76904
17.3,0.76854
17.2,0.77244
17.3,0.80264
17.3,0.84194
17.7,0.86494
17.8,0.86794
18,0.86384
17.8,0.85944
17.8,0.85464
17.8,0.85024
18,0.84704
17.9,0.84394
17.9,0.84354
17.8,0.84284
17.7,0.84344
17.8,0.84374
18,0.84414
17.9,0.84484
17.8,0.84504
17.9,0.84544
17.8,0.84514
17.8,0.84584
17.7,0.84434
18,0.84424
17.9,0.84394
17.9,0.84374
17.9,0.84344
17.9,0.84334
18,0.84274
17.9,0.84304
17.9,0.84314
17.8,0.84424
17.9,0.84364
18,0.84274
17.9,0.84314
17.9,0.84364
17.8,0.84374
18,0.84334
17.9,0.84374
17.9,0.84404
17.9,0.84424
18.3,0.84374
18.1,0.84444
17.8,0.84414
17.9,0.84494
18,0.84334
18,0.84434
18.2,0.84544
18.4,0.84414
18.3,0.84374
17.9,0.84254
18,0.84294
17.9,0.84294
17.8,0.84294
17.7,0.84314
17.9,0.84354
17.8,0.84414
18,0.84314
17.9,0.84374
17.9,0.84474
17.8,0.84454
17.8,0.84464
17.8,0.84494
18,0.84384
18,0.84274
17.8,0.84244
17.9,0.84314
18.2,0.84304
18.4,0.84374
18.5,0.84284
18.5,0.84374
18.1,0.84404
18.2,0.84454
18.1,0.84534
17.9,0.84504
17.9,0.84424
18.2,0.84454
17.8,0.84424
18,0.84414
17.8,0.84424
17.9,0.84424
17.9,0.84484
18,0.84364
18,0.84374
17.8,0.84414
18.1,0.84294
18.3,0.84394
18.4,0.84424
18.4,0.84344
18.6,0.84384
18.6,0.84404
18.5,0.84334
18.4,0.84354
18.4,0.84404
18.4,0.84484
18.4,0.84414
18.3,0.84414
18.3,0.84474
18.3,0.84434
18.5,0.84494
18.4,0.84554
18.4,0.84534
18.5,0.84434
18.6,0.84574
18.5,0.84544
18.4,0.84564
18.5,0.84514
18.4,0.84494
18.5,0.84604
18.5,0.84494
18.5,0.84584
18.5,0.84474
18.5,0.84484
18.5,0.84404
18.4,0.84454
18.4,0.84384
18.6,0.84434
18.5,0.84294
18.4,0.84354
18.4,0.84364
18.5,0.84354
18.5,0.84284
18.4,0.84354
18.5,0.84384
18.2,0.84484
18.5,0.84554
18.3,0.84524
18.6,0.84544
18.5,0.84504
18.5,0.84454
18.5,0.84424
18.5,0.84344
18.5,0.84354
18.5,0.84354
18.4,0.84284
18.2,0.84394
18.5,0.84354
18.6,0.84414
18.5,0.84444
18.4,0.84444
18.5,0.84414
18.6,0.84374
18.5,0.84404
18.5,0.84424
18.5,0.84434
18.5,0.84494
18.4,0.84404
18.5,0.84394
18.6,0.84444
18.4,0.84384
18.6,0.84404
18.6,0.84404
18.4,0.84334
18.5,0.84384
18.2,0.85974
18.3,0.89954
18.3,0.93274
18.4,0.94404
18.3,0.94144
18.4,0.93554
18.5,0.93144
18.4,0.92694
18.6,0.92324
18.3,0.91944
18.6,0.91774
18.5,0.91884
18.9,0.91824
18.6,0.91964
18.9,0.91934
19,0.92004
18.8,0.92074
19,0.92134
19.1,0.91944
19,0.92004
19.1,0.91984
19.2,0.92004
19,0.91954
19,0.92034
19,0.91914
19.1,0.91914
19,0.91924
19.1,0.91824
19.1,0.91924
19.1,0.91944
19.2,0.91944
19.3,0.91944
19.2,0.91914
19,0.91944
19.1,0.91944
19.1,0.91954
19,0.92024
19,0.91954
18.8,0.91964
18.9,0.91924
19,0.91884
19.1,0.91874
19,0.91914
19.1,0.91974
19,0.91974
18.9,0.92044
18.9,0.92024
18.9,0.92114
19,0.92074
19.1,0.91934
19,0.91934
19.2,0.91904
19.3,0.91894
19.4,0.91924
19.4,0.91824
19.3,0.91824
19.3,0.91724
19.3,0.91834
19,0.91834
19,0.91884
19.5,0.91854
19.6,0.91914
19.6,0.91984
19.6,0.91984
19.5,0.91944
19.5,0.91964
19.6,0.91934
19.4,0.91924
19.1,0.91994
19,0.91884
19,0.91974
19,0.91914
18.8,0.91894
19.1,0.91944
19.1,0.91944
19,0.91904
19.1,0.91884
19.1,0.91914
19.1,0.91934
18.8,0.91944
19,0.91934
19.4,0.91884
19.6,0.92004
19.7,0.91884
19.6,0.91904
19.6,0.91924
19.5,0.91954
19.5,0.91954
19.8,0.91864
19.7,0.91914
19.5,0.91854
19.7,0.91774
19.7,0.91874
19.7,0.91834
19.6,0.91754
19.6,0.91844
19.4,0.91944
19.7,0.91964
19.7,0.92074
19.6,0.92114
19.6,0.92044
19.6,0.91964
19.6,0.91884
19.6,0.91954
19.9,0.91844
20.1,0.91774
19.7,0.91854
19.7,0.91764
19.7,0.91724
19.5,0.91744
19.5,0.91704
19.5,0.91734
19.5,0.91814
19.6,0.91814
19.7,0.91834
19.6,0.91814
19.6,0.91814
19.7,0.91944
19.8,0.91934
20,0.91874
19.8,0.91864
20.1,0.91914
20.2,0.91784
20,0.91834
20.2,0.91724
20.2,0.91774
20.3,0.91844
20.2,0.91814
20.1,0.91944
20.3,0.91904
20.3,0.91944
20.2,0.91894
20.2,0.91964
20.1,0.92024
20.1,0.91994
20.2,0.91944
20.1,0.91934
20.2,0.91804
20.2,0.91894
20.2,0.91804
20.1,0.91884
20.2,0.91834
20,0.91844
20.1,0.91874
20.3,0.91844
20.2,0.91904
20.2,0.91854
20.1,0.91854
20.1,0.91854
20.1,0.91864
20.2,0.91964
20.3,0.91864
20.5,0.92994
20.2,0.96984
20.2,1.00564
20.2,1.02064
20.3,1.01864
20.3,1.01364
19.9,1.00864
19.7,1.00364
19.7,0.99964
19.7,0.99564
19.6,0.99264
20.1,0.99364
20.1,0.99264
20.1,0.99464
20.1,0.99364
20.1,0.99464
19.8,0.99364
20.1,0.99364
20.2,0.99364
20.2,0.99364
20.3,0.99364
20.2,0.99364
20.2,0.99364
20.5,0.99464
20.7,0.99364
20.7,0.99264
20.8,0.99164
20.9,0.99264
20.2,0.99364
20.2,0.99464
20.2,0.99464
20.2,0.99464
20.2,0.99464
20.3,0.99464
20.2,0.99464
20,0.99464
20.2,0.99464
20.2,0.99564
20.2,0.99464
20.3,0.99564
20.9,0.99464
20.8,0.99564
20.8,0.99464
20.8,0.99464
20.6,0.99364
20.7,0.99364
20.8,0.99364
20.7,0.99464
20.8,0.99364
20.5,0.99364
20.4,0.99364
20.8,0.99364
20.8,0.99464
20.8,0.99364
20.8,0.99364
21.3,0.99364
21.4,0.99364
21.2,0.99464
20.8,0.99464
20.6,0.99564
20.9,0.99464
20.7,0.99564
20.7,0.99564
20.6,0.99464
20.9,0.99464
20.7,0.99464
20.6,0.99464
20.8,0.99464
20.9,0.99464
20.8,0.99464
20.8,0.99564
21,0.99464
20.9,0.99464
20.8,0.99564
20.9,0.99464
20.7,0.99564
20.7,0.99464
20.8,0.99464
20.8,0.99364
20.9,0.99364
21.2,0.99364
21.4,0.99264
21.3,0.99364
20.9,0.99364
20.7,0.99464
21,0.99464
21.2,0.99564
21.3,0.99564
21.2,0.99464
20.8,0.99564
21.1,0.99664
20.7,0.99564
20.8,0.99564
20.7,0.99564
20.7,0.99564
20.7,0.99464
20.8,0.99564
21,0.99464
21.1,0.99364
20.9,0.99364
20.7,0.99364
20.6,0.99364
20.8,0.99364
21.1,0.99364
21.4,0.99364
21.3,0.99364
21.3,0.99364
21.4,0.99564
21.4,0.99564
21.4,0.99664
21.3,0.99564
21.1,0.99564
20.8,0.99464
20.8,0.99464
20.9,0.99364
20.8,0.99464
20.9,0.99464
20.7,0.99364
20.9,0.99364
20.7,0.99364
20.7,0.99364
20.7,0.99464
20.6,0.99564
20.8,0.99564
20.7,0.99564
20.7,0.99564
20.7,0.99464
20.8,0.99464
20.7,0.99564
21.3,0.99464
21.4,0.99464
21.4,0.99564
21.1,0.99464
21.2,0.99364
21.2,0.99464
21,0.99464
21.2,0.99564
21.4,0.99464
21.1,0.99364
21.2,0.99464
21.2,0.99464
20.9,0.99464
21.1,0.99464
21.3,0.99464
21.3,0.99364
21.2,0.99464
21.4,0.99464
21.3,0.99364
21.4,0.99564
21.4,0.99564
21.4,0.99564
21.3,0.99664
21.3,1.00664
21.4,1.04764
21.6,1.08464
21.9,1.09864
22,1.09564
22,1.09164
21.9,1.08564
22,1.08064
21.9,1.07664
21.9,1.07264
21.9,1.06964
21.9,1.06964
22,1.06864
22.4,1.06864
21.9,1.06964
21.9,1.06864
22,1.06964
22,1.06864
21.9,1.06764
21.8,1.06864
21.9,1.06764
21.9,1.06664
21.7,1.06764
22.1,1.06864
21.9,1.06864
21.8,1.06964
21.9,1.07064
21.9,1.07064
21.9,1.07064
22,1.06964
22,1.06964
21.8,1.07064
21.7,1.06864
21.9,1.06964
21.8,1.06964
22.2,1.06964
22.3,1.07064
22.2,1.07164
22.1,1.07064
22,1.07064
22.1,1.07064
22.2,1.07164
21.9,1.07064
21.7,1.07164
22,1.07064
22.5,1.06964
22.4,1.06964
22.5,1.06964
22.1,1.06864
22.2,1.06864
22.3,1.06864
22.1,1.06864
22.4,1.06864
22.5,1.06964
22.5,1.07064
22.4,1.07064
22.6,1.06964
22.6,1.07064
22.6,1.07064
22.6,1.07064
22.6,1.07164
22.5,1.07064
22.5,1.07064
22.4,1.07064
22.7,1.07064
22.7,1.07064
22.8,1.07064
22.7,1.07064
22.4,1.06964
22.4,1.07064
22.4,1.07064
22.3,1.07064
22.5,1.06964
22.6,1.07064
22.5,1.07064
22.5,1.07064
22.5,1.06964
22.4,1.06964
22.6,1.07064
22.7,1.07064
22.6,1.07064
22.6,1.07064
22.4,1.07164
22.4,1.07164
22.5,1.07164
22.5,1.07164
22.5,1.07164
22.5,1.07164
22.4,1.07164
22.6,1.07064
22.6,1.07164
22.5,1.07064
22.5,1.07164
22.5,1.06964
22.5,1.07064
22.5,1.07064
22.5,1.07064
22.5,1.07164
22.5,1.07164
22.6,1.07164
22.5,1.07064
22.4,1.07064
22.6,1.07064
22.6,1.07064
22.4,1.06964
22.5,1.06964
22.5,1.07064
22.4,1.06964
22.6,1.07064
22.4,1.07064
22.5,1.07064
22.3,1.07064
22.5,1.07064
22.5,1.07064
22.3,1.07064
22.5,1.07064
22.4,1.06964
22.5,1.07164
22.6,1.07064
22.4,1.07064
22.4,1.07164
22.5,1.07064
22.5,1.07164
22.5,1.07164
22.5,1.07164
22.4,1.07164
22.5,1.07164
22.5,1.07164
22.6,1.07164
22.5,1.07164
22.5,1.07164
22.5,1.07164
22.5,1.07064
22.6,1.07164
22.5,1.07164
22.6,1.07164
22.5,1.07264
22.5,1.07164
22.5,1.07164
22.5,1.07164
22.3,1.07064
22.2,1.07064
22.1,1.06964
22,1.07064
22.3,1.06964
22.6,1.07064
22.5,1.06964
22.5,1.07064
22.4,1.07064
22.4,1.07064
22.6,1.07164
22.4,1.07164
22.6,1.09364
22.6,1.13664
22.2,1.16764
22.4,1.17264
22.6,1.16864
22.4,1.16364
22.5,1.15864
22.6,1.15264
22.5,1.14864
22.6,1.14664
22.8,1.14564
22.9,1.14564
22.9,1.14564
22.6,1.14564
22.6,1.14564
23.2,1.14564
23.2,1.14564
23.1,1.14564
22.9,1.14564
23.2,1.14564
23.1,1.14564
23,1.14564
22.9,1.14564
23.1,1.14564
23.2,1.14664
23.2,1.14564
23.1,1.14564
23.2,1.14564
22.9,1.14564
23.1,1.14564
23,1.14564
23,1.14564
22.9,1.14464
23,1.14464
23,1.14464
23.1,1.14564
23,1.14564
23.1,1.14564
23.2,1.14464
23.2,1.14564
23,1.14464
23.2,1.14564
23.2,1.14464
23.1,1.14464
23.1,1.14464
22.7,1.14464
23.5,1.14564
23.6,1.14564
23.7,1.14464
23.6,1.14664
23.3,1.14564
23.5,1.14564
23,1.14464
23.1,1.14564
23.1,1.14564
23,1.14564
23,1.14564
22.9,1.14464
23,1.14564
23.2,1.14564
23,1.14564
23.2,1.14464
23,1.14564
23.1,1.14564
23.4,1.14564
23.4,1.14564
23.4,1.14564
23.3,1.14564
23.6,1.14464
23.6,1.14564
23.6,1.14464
23.5,1.14464
23.6,1.14464
23.6,1.14464
23.3,1.14564
23.3,1.14564
23.4,1.14564
23.6,1.14564
23.7,1.14564
23.7,1.14564
23.7,1.14564
23.5,1.14564
23.4,1.14564
23.6,1.14564
23.6,1.14564
23.5,1.14564
23.4,1.14564
23.4,1.14464
23.5,1.14564
23.3,1.14464
23.4,1.14464
23.6,1.14464
23.6,1.14564
23.5,1.14464
23.7,1.14464
23.6,1.14464
23.7,1.14564
23.5,1.14564
23.7,1.14564
23.5,1.14664
23.5,1.14664
23.5,1.14564
23.6,1.14564
23.6,1.14664
23.6,1.14564
23.4,1.14664
23.7,1.14664
23.7,1.14564
23.6,1.14664
23.6,1.14564
23.6,1.14564
23.7,1.14564
23.6,1.14564
23.6,1.14664
23.5,1.14564
23.6,1.14664
23.7,1.14564
23.7,1.14564
23.7,1.14564
23.5,1.14564
23.5,1.14564
23.7,1.14564
23.6,1.14564
23.7,1.14564
24.2,1.14664
23.9,1.14664
24,1.14564
24,1.14564
23.9,1.14664
23.6,1.14564
24,1.14564
24.3,1.14664
24.1,1.14664
24,1.14564
24,1.14664
23.9,1.14564
24.2,1.14564
24.7,1.14564
24.7,1.14564
24.4,1.14564
24.3,1.14664
24.3,1.14664
24.2,1.14664
24.1,1.14664
24.2,1.14664
24.1,1.14664
23.9,1.14664
23.9,1.14664
24.3,1.14564
24.3,1.14564
24.3,1.14564
24.3,1.14664
24.1,1.15764
23.3,1.19664
23.8,1.23564
23.7,1.24964
23.8,1.24564
23.9,1.24164
24.2,1.23464
24.2,1.23064
24.3,1.22564
24.2,1.22164
24.5,1.22164
24.6,1.22164
24.2,1.22164
24.2,1.22164
24.1,1.22264
24,1.22264
24.2,1.22364
24.2,1.22264
24.3,1.22364
24.3,1.22264
24.2,1.22264
24.2,1.22164
24.2,1.22164
24.3,1.22264
24.2,1.22164
24.2,1.22064
24.3,1.22164
24.2,1.22064
24,1.22164
24,1.22164
24.3,1.22264
24.3,1.22264
24.3,1.22164
24.6,1.22064
24.4,1.22064
24.4,1.22064
24.5,1.22064
24.4,1.22064
24.1,1.22164
24.3,1.22164
24.1,1.22264
24.1,1.22364
24.1,1.22264
24,1.22164
24,1.22264
23.9,1.22164
24.1,1.22164
24.2,1.22064
24.7,1.22064
24.9,1.22064
24.7,1.22064
24.6,1.22164
24.7,1.22164
24.7,1.22264
24.8,1.22264
24.8,1.22264
24.7,1.22264
24.8,1.22264
24.9,1.22264
24.9,1.22164
24.9,1.22264
24.7,1.22164
24.8,1.22164
24.8,1.22164
24.7,1.22064
24.7,1.22164
24.7,1.22164
24.8,1.22164
24.8,1.22164
24.7,1.22264
24.8,1.22164
24.6,1.22164
24.7,1.22264
24.7,1.22264
24.7,1.22164
24.7,1.22164
24.5,1.22164
24.8,1.22164
24.8,1.22064
24.8,1.22064
24.7,1.21964
24.8,1.22064
24.7,1.22064
24.8,1.22064
24.8,1.22164
24.7,1.22064
24.8,1.22164
24.7,1.22264
24.7,1.22164
25.1,1.22264
25.4,1.22264
25.3,1.22164
25.4,1.22164
25.4,1.22064
25.3,1.22264
25.4,1.22064
25.1,1.22264
24.9,1.22164
25,1.22364
25.3,1.22264
25.2,1.22264
25.3,1.22164
25.2,1.22264
25.3,1.22164
25.4,1.22064
25.4,1.22064
25.3,1.22064
25.2,1.22164
25.3,1.22164
25.4,1.22164
25.5,1.22164
25.2,1.22164
24.8,1.22164
25.3,1.22064
25.3,1.22064
25.3,1.21964
25.4,1.22164
25.5,1.22164
25.4,1.22064
25.3,1.22064
25.4,1.22164
25.1,1.22164
25.2,1.22264
25.3,1.22264
25.3,1.22264
25.4,1.22164
25.4,1.22164
25.4,1.22264
25.3,1.22164
25.3,1.22164
25.3,1.22164
25.3,1.22164
25.4,1.22064
25.4,1.22164
25.2,1.22164
25.4,1.22164
25.5,1.22264
25.3,1.22264
25.4,1.22264
25.3,1.22264
25.4,1.22264
25.4,1.22064
25.4,1.22064
25.5,1.22064
25.3,1.22264
25.4,1.22164
25.3,1.22364
25.3,1.22364
25.4,1.22364
25.3,1.22364
25.2,1.22264
25.4,1.22664
25.3,1.25864
25.7,1.29964
25.8,1.32264
25.8,1.32464
25.9,1.31764
26.2,1.31264
26,1.30864
25.9,1.30164
26,1.29864
25.9,1.29664
25.7,1.29664
25.9,1.29664
25.9,1.29764
25.8,1.29664
25.8,1.29764
26.1,1.29764
25.6,1.29664
25.9,1.29764
25.8,1.29764
25.8,1.29664
26,1.29664
26.1,1.29664
26.3,1.29564
25.9,1.29564
25.9,1.29764
26,1.29664
26.2,1.29764
26.1,1.29664
26.4,1.29664
26,1.29664
25.9,1.29564
25.9,1.29664
25.9,1.29564
25.9,1.29664
25.9,1.29564
26,1.29564
25.5,1.29564
25.9,1.29664
25.9,1.29564
25.8,1.29664
25.8,1.29664
25.8,1.29764
26,1.29664
25.9,1.29664
25.9,1.29664
25.9,1.29564
25.4,1.29564
25.6,1.29564
25.8,1.29464
26,1.29564
25.9,1.29564
26,1.29664
26,1.29764
26.1,1.29764
26,1.29664
25.7,1.29764
25.8,1.29764
26,1.29764
26,1.29764
26,1.29664
26.1,1.29564
26.3,1.29564
26.5,1.29664
26.5,1.29664
26.5,1.29764
26.5,1.29864
26.6,1.29764
26.6,1.29764
26.5,1.29664
26.5,1.29664
26.4,1.29664
25.9,1.29664
26.2,1.29564
26.3,1.29464
26.4,1.29564
26.4,1.29564
26.3,1.29564
26.4,1.29664
26.6,1.29664
26.4,1.29764
26.6,1.29864
26.5,1.29864
26.5,1.29764
26.5,1.29864
26.4,1.29764
26.2,1.29664
26.3,1.29664
26.5,1.29564
26.5,1.29564
26.5,1.29664
26.6,1.29564
26.9,1.29664
26.7,1.29564
26.6,1.29664
26.7,1.29664
26.8,1.29564
26.7,1.29664
27,1.29664
27,1.29664
26.7,1.29664
26.6,1.29564
26.7,1.29564
26.7,1.29564
26.8,1.29564
26.8,1.29564
26.5,1.29564
26.5,1.29664
26.3,1.29564
26.3,1.29664
26.5,1.29664
26.5,1.29664
26.6,1.29664
26.3,1.29764
26.4,1.29764
26.5,1.29764
26.4,1.29764
26.4,1.29664
26.5,1.29664
26.5,1.29664
26.6,1.29564
26.5,1.29564
26.5,1.29664
26.5,1.29664
26.6,1.29664
26.5,1.29764
26.6,1.29564
26.5,1.29764
26.5,1.29664
26.6,1.29664
26.5,1.29664
26.4,1.29764
26.5,1.29664
26.6,1.29664
26.7,1.29564
26.7,1.29564
26.6,1.29564
27,1.29564
26.8,1.29564
26.4,1.29564
26.5,1.29564
26.6,1.29564
26.9,1.29564
27.1,1.29564
27,1.29664
27,1.29664
27,1.29664
26.7,1.29664
26.6,1.29664
26.9,1.29664
27.1,1.29564
27.2,1.29564
27.1,1.30864
27,1.34864
27.1,1.38564
27.1,1.39764
26.9,1.39364
27.1,1.38764
27,1.38264
27.1,1.37764
27.2,1.37264
27,1.36964
27.6,1.36964
27.4,1.37164
27.3,1.37164
27.5,1.37264
27.7,1.37164
27.6,1.37164
27.2,1.37164
27.6,1.37064
27.8,1.37064
27.6,1.37064
27.5,1.37164
27.7,1.37164
27.6,1.37264
27.6,1.37264
27.6,1.37364
27.6,1.37264
27.6,1.37264
27.6,1.37264
27.5,1.37264
27.6,1.37264
27.6,1.37264
27.6,1.37164
27.7,1.37264
27.5,1.37164
27.5,1.37164
27.6,1.37164
27.6,1.37064
27.6,1.37164
27.5,1.37164
27.6,1.37164
27.6,1.37164
27.7,1.37164
27.6,1.37064
27.8,1.37064
27.6,1.37064
27.8,1.37164
27.6,1.37164
27.6,1.37164
27.5,1.37164
27.6,1.37264
27.7,1.37164
27.7,1.37264
27.6,1.37264
27.7,1.37164
27.8,1.37264
27.9,1.37164
27.8,1.37164
27.7,1.37264
27.6,1.37264
27.6,1.37264
27.8,1.37264
27.7,1.37264
27.7,1.37164
27.5,1.37164
27.6,1.37264
27.9,1.37164
27.9,1.37164
27.6,1.37164
27.5,1.37164
27.8,1.37164
27.6,1.37164
27.7,1.37164
27.6,1.37164
27.6,1.37164
27.6,1.37164
28.1,1.37164
28.1,1.37164
28.3,1.37164
28.3,1.37164
28.1,1.37164
28.2,1.37164
28.1,1.37164
28.7,1.37164
28.7,1.37264
28.9,1.37264
28.9,1.37164
28.8,1.37164
28.9,1.37164
28.7,1.37264
28.7,1.37264
28.9,1.37264
28.9,1.37264
28.8,1.37264
28.8,1.37264
28.8,1.37264
28.6,1.37164
28.7,1.37164
28.8,1.37164
28.8,1.37064
28.7,1.37164
28.8,1.37164
28.7,1.37164
28.7,1.37164
28.8,1.37164
28.9,1.37264
28.9,1.37364
29.1,1.37364
29.3,1.37364
29.4,1.37364
29.3,1.37364
29.1,1.37264
29,1.37164
28.7,1.37164
28.8,1.37264
28.8,1.37264
28.9,1.37364
28.7,1.37364
28.9,1.37364
28.9,1.37364
29.4,1.37364
29.5,1.37264
29.3,1.37164
29.3,1.37264
29.3,1.37164
29.4,1.37164
29.4,1.37164
29.3,1.37164
29.3,1.37164
29.1,1.37064
28.7,1.37164
28.9,1.37164
29.3,1.37264
29.4,1.37264
29.4,1.37364
29.4,1.37364
29.6,1.37364
30,1.37364
29.6,1.37364
29.4,1.37264
29.3,1.37364
29.4,1.37264
29.4,1.37364
29.5,1.37264
29.6,1.37264
29.7,1.37264
29.9,1.37364
29.8,1.37264
30,1.37364
29.9,1.37264
29.8,1.37264
29.8,1.37264
29.6,1.37364
29.9,1.39864
29.4,1.44364
29.7,1.47164
30,1.47564
29.9,1.47064
29.8,1.46464
29.9,1.45864
29.8,1.45464
30.1,1.44864
30.3,1.44764
30.1,1.44664
30.1,1.44664
30,1.44764
29.8,1.44764
30.2,1.44764
30.3,1.44764
30.3,1.44764
30.4,1.44764
30.3,1.44764
29.9,1.44664
30,1.44664
30,1.44764
30.1,1.44764
29.9,1.44764
30,1.44664
30.3,1.44664
30.1,1.44664
30.1,1.44564
30.3,1.44564
30.4,1.44664
30.5,1.44664
31,1.44764
31.2,1.44864
31,1.44764
31.1,1.44764
31,1.44764
30.8,1.44764
30.9,1.44764
31.1,1.44664
31,1.44764
30.8,1.44764
31,1.44664
31,1.44764
31.1,1.44664
31,1.44664
31,1.44664
31.1,1.44664
31.1,1.44764
30.9,1.44664
31.1,1.44664
31.1,1.44564
31,1.44664
30.9,1.44764
31,1.44764
31,1.44864
30.9,1.44764
30.9,1.44864
31,1.44764
31,1.44764
31.1,1.44664
31.1,1.44664
31.1,1.44564
31.2,1.44664
31.6,1.44764
31.5,1.44764
31.4,1.44664
31.3,1.44764
31.6,1.44764
31.4,1.44664
31.4,1.44764
31.4,1.44664
31.6,1.44764
31.7,1.44764
31.6,1.44764
31.3,1.44764
31.3,1.44664
31.3,1.44764
31.4,1.44664
31.1,1.44764
31,1.44764
31.1,1.44864
31.1,1.44764
31.1,1.44764
31.1,1.44764
31,1.44764
31,1.44764
31,1.44664
31.1,1.44664
31.1,1.44664
31.1,1.44764
31.5,1.44664
31.5,1.44764
31.7,1.44564
31.4,1.44664
31.4,1.44664
31,1.44764
31.1,1.44664
31.3,1.44864
31.4,1.44864
31.5,1.44864
31.5,1.44964
31.6,1.44864
31.6,1.44864
31.3,1.44764
31.2,1.44764
31.3,1.44664
31.2,1.44564
31.2,1.44664
31.4,1.44664
31.6,1.44664
31.6,1.44564
31.5,1.44664
31.6,1.44664
31.6,1.44764
31.6,1.44764
31.9,1.44664
32.1,1.44664
31.8,1.44764
31.6,1.44664
31.7,1.44764
32.1,1.44664
32,1.44664
32.3,1.44764
32.1,1.44764
32.2,1.44764
32.2,1.44664
32.2,1.44764
32.1,1.44764
31.8,1.44664
32,1.44764
32.1,1.44764
32.1,1.44764
32.2,1.44764
32.2,1.44764
32.3,1.44764
32.2,1.44764
32.1,1.44764
32.2,1.44764
32.2,1.44764
32,1.44764
31.8,1.44764
32.2,1.44664
32,1.44764
32.2,1.44764
32.1,1.44764
32.1,1.44764
32.3,1.44764
32.3,1.44764
32.2,1.44764
32.1,1.44764
32.2,1.44764
32.2,1.46264
32.5,1.50564
32.6,1.54064
32.4,1.55364
32.9,1.54864
32.8,1.54264
32.9,1.53664
32.8,1.53064
32.7,1.52564
32.7,1.52364
32.7,1.52264
32.8,1.52264
32.7,1.52264
32.7,1.52264
32.7,1.52264
32.5,1.52364
32.7,1.52364
32.8,1.52364
32.7,1.52364
32.8,1.52364
32.6,1.52364
32.6,1.52264
32.7,1.52364
33,1.52264
33.2,1.52264
33.4,1.52164
33.3,1.52264
33.3,1.52264
33.4,1.52364
33.1,1.52364
33.1,1.52364
33.3,1.52364
33.3,1.52364
33.2,1.52264
33.3,1.52264
33.4,1.52164
33.2,1.52164
33.1,1.52164
33.3,1.52264
33.3,1.52264
33.7,1.52264
33.9,1.52264
33.9,1.52264
33.9,1.52364
33.9,1.52364
33.8,1.52264
33.4,1.52264
33.5,1.52264
33.4,1.52164
33.3,1.52164
33.6,1.52264
33.8,1.52164
33.7,1.52264
34.1,1.52264
34,1.52264
33.8,1.52264
33.9,1.52364
33.9,1.52364
33.7,1.52364
33.9,1.52464
33.9,1.52364
33.9,1.52364
33.9,1.52364
33.9,1.52364
33.9,1.52364
34,1.52264
33.9,1.52264
34.1,1.52264
34.4,1.52264
34.6,1.52264
34.5,1.52264
34.5,1.52264
34.5,1.52164
34.5,1.52264
34.6,1.52264
34.5,1.52264
34.6,1.52264
34.4,1.52264
34.2,1.52364
34.6,1.52264
34.3,1.52264
34.3,1.52464
34,1.52464
34.4,1.52464
33.8,1.52464
33.9,1.52364
34.1,1.52264
34.6,1.52264
34.4,1.52364
34.2,1.52364
34,1.52364
34.3,1.52364
34.5,1.52464
34.4,1.52464
34.6,1.52464
34.5,1.52464
34.8,1.52464
34.4,1.52564
34.5,1.52464
34.7,1.52464
35,1.52564
35.1,1.52464
34.7,1.52464
34.5,1.52464
34.9,1.52464
34.9,1.52464
34.9,1.52464
34.7,1.52364
34.8,1.52464
35,1.52464
34.5,1.52464
34.6,1.52364
34.5,1.52364
34.5,1.52464
34.4,1.52464
34.4,1.52364
34.7,1.52464
34.7,1.52464
35,1.52364
35.1,1.52364
35,1.52364
34.8,1.52364
34.8,1.52464
34.9,1.52364
35.1,1.52464
35.1,1.52464
34.9,1.52464
35,1.52364
35.1,1.52364
35,1.52264
35,1.52164
35,1.52164
35,1.52264
35.2,1.52264
34.9,1.52364
34.9,1.52464
34.9,1.52464
34.8,1.52464
34.9,1.52364
35,1.52464
35,1.52464
35,1.52464
35.1,1.52364
35,1.52364
35.1,1.52364
35.4,1.52364
35.5,1.52364
35.7,1.52364
35.6,1.52264
35.3,1.52364
35.1,1.52364
35.1,1.52464
35,1.55164
35.2,1.59564
35.4,1.62264
35.5,1.62564
35.2,1.61964
35.1,1.61364
35.1,1.60864
35.1,1.60264
35.1,1.59764
35.2,1.59664
35.1,1.59764
34.9,1.59664
35.4,1.59764
35.4,1.59864
35,1.59864
35,1.59764
35.5,1.59864
35.5,1.59764
35.1,1.59764
35.4,1.59764
35.7,1.59664
35.6,1.59764
35.5,1.59664
35.7,1.59664
35.9,1.59764
35.6,1.59764
35.8,1.59664
35.6,1.59664
35.7,1.59764
35.8,1.59764
35.9,1.59764
35.8,1.59864
35.6,1.59664
35.9,1.59864
35.9,1.59764
35.5,1.59764
35.5,1.59764
35.6,1.59764
35.6,1.59864
35.7,1.59764
36.2,1.59764
36.1,1.59864
36.2,1.59764
36.2,1.59864
36,1.59864
35.9,1.59864
36.2,1.59764
36,1.59864
36.2,1.59964
36.2,1.59964
36.4,1.60064
36.3,1.59964
36,1.59964
36.4,1.59964
36.3,1.59864
36.2,1.59864
36.1,1.59864
36.2,1.59764
36.3,1.59764
36.1,1.59764
36.7,1.59664
36.7,1.59764
36.2,1.59764
36.1,1.59764
36.2,1.59864
36.3,1.59864
36.5,1.59964
36.8,1.59964
36.5,1.60064
36.1,1.60064
36.1,1.59964
36.1,1.59864
36.1,1.59864
36.1,1.59864
36.1,1.59864
36.2,1.59964
36.2,1.59864
36.7,1.59964
36.7,1.59864
36.8,1.59964
36.8,1.59864
36.7,1.59964
36.7,1.59864
36.7,1.59964
36.7,1.59864
36.9,1.59864
36.6,1.59864
36.7,1.59864
36.6,1.59764
36.8,1.59864
36.8,1.59764
36.7,1.59864
36.8,1.59764
36.6,1.59864
36.7,1.59764
36.8,1.59764
36.8,1.59764
36.7,1.59864
36.8,1.59864
36.8,1.59864
36.8,1.59864
36.7,1.59964
36.7,1.59864
36.8,1.59864
36.4,1.59964
36.5,1.59864
36.7,1.59864
36.5,1.59864
36.2,1.59864
36.4,1.59864
36.5,1.59864
36.6,1.59864
36.5,1.59864
36.6,1.59964
36.6,1.59964
36.7,1.59964
36.7,1.59864
36.8,1.59864
36.6,1.59864
36.2,1.59864
36.3,1.59864
36.6,1.59864
36.6,1.59764
36.7,1.59864
36.9,1.59864
36.8,1.59864
36.7,1.59964
36.8,1.59964
36.7,1.59964
36.8,1.59864
36.7,1.59864
36.8,1.59764
36.8,1.59764
36.7,1.59764
36.7,1.59764
36.9,1.59664
36.7,1.59764
36.8,1.59664
36.8,1.59764
36.8,1.59664
36.7,1.59764
36.8,1.59864
36.8,1.59764
37.1,1.59764
37.2,1.59764
37.1,1.59764
37.4,1.59764
37.2,1.59864
37.3,1.59864
37.3,1.59864
37.2,1.59964
37.2,1.61364
37.2,1.65564
37.2,1.69064
37.3,1.70364
37.6,1.69864
37.9,1.69264
37.9,1.68564
37.6,1.68064
37.3,1.67464
37.6,1.67464
37.3,1.67464
37.6,1.67464
37.3,1.67564
37.6,1.67464
37.9,1.67464
38,1.67364
38,1.67364
38.2,1.67364
38.2,1.67364
38.5,1.67364
38.4,1.67364
38.5,1.67464
38.4,1.67464
38.7,1.67464
39,1.67464
39.1,1.67364
39,1.67364
38.7,1.67364
39,1.67264
39,1.67264
38.7,1.67264
38.7,1.67264
38.6,1.67264
38.4,1.67264
38.3,1.67264
38.5,1.67364
38.7,1.67364
38.6,1.67364
38.8,1.67364
38.6,1.67364
38.6,1.67364
38.6,1.67364
38.4,1.67464
38.5,1.67364
38.6,1.67464
39,1.67464
38.9,1.67364
39,1.67464
39,1.67564
38.9,1.67464
39,1.67364
39,1.67364
39.2,1.67364
39.6,1.67264
39.1,1.67264
39,1.67264
39.4,1.67364
39.3,1.67364
39.2,1.67264
39.4,1.67264
39.1,1.67264
39.2,1.67364
39.3,1.67364
39.4,1.67264
39.5,1.67364
39.7,1.67264
39.6,1.67364
39.7,1.67364
39.9,1.67364
40.1,1.67264
40,1.67264
40.2,1.67264
40.3,1.67264
40.1,1.67364
40.2,1.67364
40.1,1.67364
39.8,1.67264
39.8,1.67264
39.8,1.67364
39.9,1.67264
39.6,1.67264
40.1,1.67264
40.2,1.67264
40.4,1.67464
40.6,1.67364
40.8,1.67464
40.8,1.67464
41,1.67464
40.8,1.67464
40.6,1.67564
40.7,1.67464
40.6,1.67664
40.1,1.67464
40.3,1.67464
40.7,1.67464
40.5,1.67364
40.1,1.67364
40.6,1.67264
40.1,1.67164
40.2,1.67164
40.2,1.67264
40.2,1.67264
40.5,1.67264
40.3,1.67364
40.2,1.67264
40.7,1.67264
40.6,1.67364
40.4,1.67364
40.3,1.67264
40.2,1.67364
40.1,1.67564
40.2,1.67564
40.3,1.67464
40.7,1.67364
40.9,1.67364
40.8,1.67264
40.8,1.67364
40.8,1.67364
40.8,1.67364
40.8,1.67364
40.3,1.67364
40.1,1.67364
40.2,1.67364
40.3,1.67464
40.2,1.67464
40.4,1.67364
40.5,1.67364
40,1.67264
40.2,1.67364
40.2,1.67364
40.3,1.67364
40.1,1.67364
40.1,1.67364
40,1.67364
40.2,1.67364
40.5,1.67364
40.3,1.67464
40.2,1.67464
40.7,1.67364
40,1.67464
40.2,1.67464
40.7,1.67564
40.7,1.67564
40.8,1.67564
40.8,1.67564
40.8,1.67464
40.9,1.67464
41,1.67564
40.8,1.67464
41.2,1.67464
41.1,1.67364
41.3,1.67864
41.3,1.71164
41.2,1.75464
40.9,1.77564
41.3,1.77464
41.1,1.76864
40.8,1.76264
40.7,1.75664
40.9,1.75164
40.9,1.74864
41,1.74864
41.1,1.74964
41.4,1.74964
41.4,1.74964
41.1,1.74964
41.3,1.74964
41.4,1.74864
41.3,1.74864
41.4,1.74864
41.7,1.74864
41.7,1.74764
41.6,1.74764
41.4,1.74764
41.3,1.74864
41.3,1.74864
41.3,1.74864
41.4,1.74864
41.7,1.74864
41.7,1.74764
41.9,1.74864
41.9,1.74864
41.6,1.74864
42,1.74764
41.9,1.74864
41.9,1.74664
41.9,1.74764
41.8,1.74764
41.9,1.74664
41.7,1.74664
41.9,1.74664
41.9,1.74764
42.1,1.74864
42.4,1.74864
42.5,1.74864
42.2,1.74764
41.9,1.74864
42.1,1.74864
42.4,1.74864
42.4,1.74964
42.5,1.74964
42,1.74864
41.8,1.74864
42,1.74764
42.1,1.74764
42.5,1.74864
42.5,1.74864
42.4,1.74864
42.3,1.74864
42.3,1.74864
42.4,1.74764
42.5,1.74864
42.6,1.74864
42.4,1.74864
42.3,1.74764
42.5,1.74764
42.4,1.74764
42.5,1.74764
42.5,1.74764
42.8,1.74764
42.4,1.74764
42.4,1.74764
42.6,1.74864
42.5,1.74864
42.7,1.74864
42.6,1.74864
42.5,1.74864
42.5,1.74964
42.5,1.74964
43.1,1.74964
43.2,1.74964
42.9,1.74964
42.7,1.74964
42.6,1.74964
43,1.74964
42.7,1.74964
43,1.74864
43.2,1.74864
42.9,1.74864
43,1.74864
43.2,1.74864
43,1.74764
43.2,1.74864
43.2,1.74764
43.1,1.74764
43.2,1.74764
42.9,1.74764
43.2,1.74864
43.5,1.74764
43.6,1.74864
43.7,1.74864
43.7,1.74864
43.3,1.74864
43.1,1.74864
43.5,1.74864
43.5,1.74864
43.6,1.74764
43.9,1.74864
43.3,1.74764
43.1,1.74764
43.5,1.74764
43.6,1.74764
43.6,1.74864
43.4,1.74864
43.6,1.74864
43.2,1.74764
43.5,1.74864
43.7,1.74864
43.1,1.74864
43.4,1.74864
43.7,1.74864
43.7,1.74864
43.5,1.74864
43.7,1.74864
43.7,1.74764
43.7,1.74864
43.5,1.74764
43.6,1.74864
43.6,1.74864
43.7,1.74864
43.6,1.74964
43.6,1.74864
43.5,1.74964
43.7,1.74964
43.5,1.74864
43.7,1.74964
43.7,1.74864
43.6,1.74964
43.6,1.74864
43.5,1.74864
43.6,1.74864
43.7,1.74764
43.8,1.74864
43.7,1.74864
43.6,1.74864
43.6,1.74864
43.3,1.74864
43.5,1.74964
43.6,1.74864
43.6,1.74964
43.6,1.74864
43.6,1.74964
43.6,1.75064
43.5,1.76964
43.3,1.81364
43.7,1.84464
43.5,1.85264
43.7,1.84664
43.8,1.84064
43.4,1.83464
43.6,1.82764
43.8,1.82464
44.1,1.82464
43.5,1.82464
43.7,1.82464
43.7,1.82464
43.5,1.82464
43.6,1.82364
44.2,1.82464
43.9,1.82364
43.8,1.82364
43.5,1.82464
44,1.82464
44,1.82364
44.3,1.82364
44.4,1.82364
44.7,1.82364
44.7,1.82364
44.7,1.82364
44.7,1.82464
44.9,1.82364
44.8,1.82364
45.2,1.82464
45.2,1.82464
44.9,1.82464
44.8,1.82564
45.4,1.82464
45.3,1.82464
45.4,1.82364
45.2,1.82464
45.2,1.82464
45.3,1.82364
45.3,1.82464
45.3,1.82364
45.3,1.82364
45.4,1.82364
45.3,1.82264
45.3,1.82364
45.4,1.82264
45.4,1.82264
45.3,1.82364
45.3,1.82264
45.4,1.82364
45.4,1.82464
45.4,1.82464
45.4,1.82464
45.8,1.82464
45.6,1.82364
45.6,1.82364
46,1.82364
46,1.82364
45.8,1.82464
45.9,1.82264
46,1.82364
45.9,1.82264
45.9,1.82364
45.8,1.82364
45.7,1.82464
45.4,1.82464
45.6,1.82464
45.7,1.82464
45.9,1.82364
45.7,1.82464
45.4,1.82464
45.5,1.82464
46,1.82564
45.5,1.82664
45.6,1.82564
45.9,1.82664
45.8,1.82564
46,1.82364
46,1.82364
45.9,1.82364
45.9,1.82264
45.9,1.82264
46.2,1.82364
45.8,1.82364
46,1.82464
46.2,1.82364
46.5,1.82364
46.5,1.82164
46.4,1.82264
46.4,1.82264
46.2,1.82364
45.9,1.82364
46.5,1.82464
46.5,1.82364
46.6,1.82364
46.5,1.82364
46.8,1.82364
46.1,1.82464
46.2,1.82464
46.4,1.82464
46.7,1.82364
46.2,1.82364
46.3,1.82464
46.8,1.82464
47.1,1.82364
46.7,1.82364
46.6,1.82364
46.4,1.82364
46.6,1.82364
46.5,1.82364
46.5,1.82364
46.5,1.82464
46.7,1.82464
46.8,1.82364
46.7,1.82364
46.6,1.82464
46.5,1.82364
46.9,1.82364
47.1,1.82364
47,1.82464
47,1.82364
47.1,1.82264
47,1.82364
47.1,1.82264
46.9,1.82464
47,1.82364
46.9,1.82364
46.8,1.82364
47,1.82364
47.1,1.82364
46.9,1.82464
47.2,1.82464
47.1,1.82464
47.4,1.82364
47.5,1.82464
47.7,1.82464
47.4,1.82564
47.2,1.82464
47.1,1.82464
47.1,1.82464
47.4,1.82464
47,1.82464
47.5,1.82464
47.6,1.82364
47.6,1.82364
47.3,1.82364
47.6,1.82364
47.6,1.82364
47.8,1.82364
47.7,1.82364
47.6,1.82364
47.4,1.83064
47.5,1.86864
47.6,1.90864
47.9,1.92664
47.8,1.92464
48.5,1.91664
48.5,1.90964
48.8,1.90464
48.6,1.90064
48.6,1.89864
48.3,1.89864
48.8,1.89964
48.6,1.89864
48.9,1.89864
48.8,1.89864
49.1,1.89964
48.8,1.89864
49.2,1.89864
49.2,1.89864
48.6,1.89864
48.7,1.89764
49.2,1.89764
49.5,1.89764
49.6,1.89864
49.6,1.89864
49.6,1.89764
49.6,1.89764
49.2,1.89864
49.8,1.89864
49.9,1.89864
49.7,1.89864
49.8,1.89864
49.6,1.89864
49.6,1.89764
49.9,1.89664
49.9,1.89664
50,1.89664
50,1.89664
49.9,1.89764
49.9,1.89664
49.8,1.89764
50.3,1.89864
50.4,1.89864
49.8,1.89764
50.1,1.89864
49.9,1.89864
50.2,1.89764
50.2,1.89764
50.1,1.89764
50.2,1.89664
50.5,1.89764
50.6,1.89864
50.4,1.89764
50.5,1.89864
50.5,1.89764
50.4,1.89864
50.9,1.89864
50.8,1.89964
50.9,1.90064
51.1,1.89864
51,1.89864
51.1,1.89864
50.7,1.89964
51.1,1.89864
51,1.89864
50.9,1.89764
50.8,1.89764
50.9,1.89864
51,1.89864
50.9,1.89764
51.1,1.89764
51,1.89764
50.9,1.89764
50.9,1.89764
50.8,1.89864
51.2,1.89864
51,1.89864
51.2,1.89864
50.9,1.89864
51.4,1.89864
51.4,1.89764
51.1,1.89764
51.6,1.89664
51.6,1.89764
51.5,1.89664
51.6,1.89864
51.8,1.89864
51.6,1.89864
51.5,1.89964
51.7,1.89964
51.6,1.89864
51.6,1.89864
51.7,1.89864
51.6,1.89764
51.7,1.89764
51.7,1.89764
51.6,1.89764
51.7,1.89764
51.7,1.89664
52,1.89764
51.9,1.89664
52.2,1.89864
51.9,1.89764
51.6,1.89864
51.9,1.89764
52.1,1.89864
52,1.89864
52.3,1.89964
52.4,1.89864
52.2,1.89864
52.1,1.89964
52.2,1.89864
52.8,1.89864
52.5,1.89864
52.6,1.89864
52.7,1.89864
52.3,1.89964
52.1,1.89864
52.6,1.89864
52.7,1.89964
52.7,1.89864
52.7,1.89864
52.8,1.89964
52.7,1.89864
53.1,1.89964
53.2,1.89864
52.8,1.89864
52.9,1.89864
53.3,1.89964
53.2,1.89864
53.4,1.89964
53.1,1.89964
52.7,1.89864
53.1,1.89964
53.4,1.89964
53.3,1.89864
53.5,1.89964
53.3,1.89864
53,1.89864
52.8,1.89864
53,1.89964
52.8,1.89964
53.1,1.89964
52.9,1.89864
52.7,1.89864
52.8,1.89964
53.1,1.89964
52.9,1.89864
53,1.89864
53.6,1.89864
54,1.89964
53.6,1.90064
53.3,1.92464
53.3,1.96764
53.6,1.99564
53.5,1.99964
53.5,1.99364
53.9,1.98664
54.1,1.97964
54.2,1.97464
54.3,1.97364
54.3,1.97364
54.4,1.97564
54.5,1.97464
53.6,1.97364
53.9,1.97364
54.3,1.97364
54.1,1.97364
54.4,1.97364
54.8,1.97364
54.5,1.97364
54.2,1.97364
53.8,1.97364
54.1,1.97364
54.5,1.97364
54.5,1.97364
54.4,1.97364
54.9,1.97364
54.8,1.97364
55.1,1.97364
54.9,1.97364
54.8,1.97364
55.3,1.97364
55.1,1.97464
55.2,1.97364
54.9,1.97264
55,1.97364
54.9,1.97264
55,1.97264
55.2,1.97264
54.9,1.97264
55,1.97164
55.1,1.97364
55.5,1.97264
55.5,1.97264
55.4,1.97264
55.3,1.97264
55,1.97264
55.2,1.97364
55.6,1.97364
55.3,1.97364
55.2,1.97364
55.7,1.97364
55.9,1.97464
55.7,1.97464
55.8,1.97464
55.4,1.97464
55.5,1.97464
55.1,1.97364
55.2,1.97464
55.4,1.97464
55.5,1.97364
55.7,1.97364
55.6,1.97364
55.6,1.97464
55.4,1.97364
55.5,1.97364
55.6,1.97264
55.7,1.97364
56.1,1.97364
56.1,1.97464
55.6,1.97364
55.5,1.97364
56,1.97464
56.2,1.97464
56.2,1.97464
56.2,1.97464
56.3,1.97464
56.7,1.97464
56.3,1.97464
56.3,1.97464
56.1,1.97364
56.3,1.97364
56.5,1.97364
56.4,1.97364
56.7,1.97364
56.4,1.97364
56.5,1.97364
56.8,1.97264
56.6,1.97264
56.2,1.97264
56.2,1.97164
56.4,1.97164
56.7,1.97164
56.5,1.97164
56.1,1.97264
56.5,1.97264
56.6,1.97364
56.8,1.97364
56.8,1.97364
56.7,1.97264
56.8,1.97264
56.8,1.97264
56.6,1.97364
56.8,1.97464
57.1,1.97464
57.4,1.97564
57.4,1.97464
57.4,1.97464
57.3,1.97464
57.3,1.97464
57.8,1.97464
57.4,1.97364
57.3,1.97264
57.4,1.97264
57.3,1.97364
57.8,1.97364
58,1.97264
57.9,1.97364
57.6,1.97364
57.4,1.97464
57.3,1.97364
57.8,1.97464
57.7,1.97464
58,1.97264
57.6,1.97264
57.5,1.97264
57.7,1.97364
57.9,1.97364
57.9,1.97364
58,1.97364
57.9,1.97364
57.9,1.97364
58.4,1.97364
58,1.97464
57.9,1.97364
57.9,1.97464
57.9,1.97464
58,1.97364
58,1.97264
58.2,1.97264
58.1,1.97264
58.2,1.97264
58.6,1.97264
59,1.97364
58.7,1.97364
58.5,1.97364
58.8,1.97464
58.9,1.97364
58.9,1.97464
58.8,1.97364
59,1.97364
59,1.97464
58.9,1.98164
58.6,2.01664
59.1,2.05564
59.1,2.07364
58.8,2.07264
58.8,2.06364
59,2.05664
59,2.05064
59.2,2.04864
58.9,2.04964
59.2,2.05064
59.5,2.05164
58.9,2.05064
59.7,2.04964
59.7,2.04864
59.5,2.04764
59.5,2.04664
59.5,2.04764
60.1,2.04764
59.5,2.04764
59.6,2.04864
59.7,2.04864
60,2.04964
59.9,2.04964
60.1,2.04964
60.1,2.05064
60.1,2.04964
60.1,2.04964
60,2.04864
60.1,2.04864
60.1,2.04864
60.3,2.04864
60.4,2.04864
60.6,2.04864
60.2,2.04964
60.3,2.04964
60.3,2.04864
60.9,2.04764
60.5,2.04964
60.8,2.04864
61.2,2.04864
61.4,2.04964
61.3,2.04964
60.8,2.04964
61.2,2.04864
61.4,2.04864
61.4,2.04764
61.4,2.04664
61.3,2.04764
61.9,2.04764
61.3,2.04864
61.8,2.04864
61.5,2.04864
61.9,2.04864
62,2.04864
62,2.04864
62.1,2.04964
62.3,2.04864
62.1,2.04864
62.1,2.04864
62.2,2.04864
62.5,2.04964
62.2,2.04964
62.4,2.04964
62.4,2.04964
62.4,2.04864
62.4,2.04964
62.6,2.04864
63,2.04864
62.8,2.04764
63.2,2.04764
63,2.04764
62.9,2.04864
63,2.04864
63.1,2.04864
63.4,2.04864
63.2,2.04864
63.1,2.04864
63.4,2.04864
63.1,2.04864
63.2,2.04864
63.9,2.04764
63.3,2.04864
63.6,2.04764
63.7,2.04764
64,2.04764
63.6,2.04764
64,2.04764
64.2,2.04864
64.2,2.04864
64.1,2.04864
64.5,2.04864
64.4,2.04864
64.3,2.04864
64.7,2.04864
64.8,2.04964
64.8,2.04964
64.7,2.04964
64.7,2.04964
64.6,2.04964
65.1,2.04964
65.1,2.05064
65.2,2.04964
65.3,2.04964
65.3,2.05064
65.3,2.04964
65.4,2.05064
65.1,2.04964
65.3,2.04964
65.8,2.04864
65.3,2.04864
65.5,2.04864
65.8,2.04764
65.8,2.04764
65.9,2.04764
66,2.04764
65.8,2.04764
66.5,2.04764
65.9,2.04664
65.9,2.04764
66.1,2.04864
65.9,2.04864
65.9,2.04864
65.8,2.04964
65.8,2.04964
66.2,2.04964
66.4,2.04864
66.5,2.04864
66.5,2.04964
67.1,2.04864
66.7,2.04864
66.7,2.04864
66.6,2.04864
67.1,2.04864
67,2.04864
67,2.04764
67.3,2.04864
67.1,2.04864
67.1,2.04964
67.4,2.04964
67.4,2.04864
67.6,2.05064
67.9,2.04964
67.9,2.04964
68,2.04964
68,2.04864
68.1,2.04864
68.2,2.04764
68.1,2.04864
68.3,2.04864
68.6,2.04964
68.7,2.05064
68.8,2.07264
68.6,2.11264
68.9,2.14064
68.9,2.14764
69.2,2.13964
69,2.13364
69.1,2.12564
69.3,2.12264
69.6,2.12264
69.6,2.12464
69.7,2.12464
70,2.12464
69.9,2.12364
70.3,2.12364
69.9,2.12264
70.3,2.12264
70.3,2.12364
70.4,2.12264
70,2.12164
70.4,2.12264
70.7,2.12264
70.4,2.12264
70.1,2.12364
70.4,2.12364
70.7,2.12264
71,2.12264
71.1,2.12264
71.1,2.12164
71,2.12264
71.5,2.12164
71.5,2.12164
71.6,2.12264
71.3,2.12264
71.6,2.12364
71.6,2.12364
71.8,2.12364
71.9,2.12364
72.1,2.12264
72.1,2.12264
72.3,2.12264
72,2.12264
72.2,2.12064
72.4,2.12164
72.5,2.12264
72.7,2.12264
72.7,2.12264
72.9,2.12264
72.7,2.12264
73.1,2.12164
73.4,2.12164
73.3,2.12164
73.6,2.12164
73.7,2.12164
73.9,2.12164
73.8,2.12164
74,2.12164
74.1,2.12264
73.9,2.12264
73.9,2.12264
74.2,2.12264
74.5,2.12264
74.5,2.12264
75,2.12364
75.2,2.12264
75,2.12264
75.2,2.12264
75.6,2.12364
75.4,2.12264
75.2,2.12264
75.6,2.12264
75.8,2.12164
75.6,2.12264
75.7,2.12264
75.9,2.12264
76.2,2.12164
76.1,2.12164
76.2,2.12264
76.5,2.12164
76.7,2.12164
76.7,2.12164
76.9,2.12164
77,2.12064
76.9,2.12064
76.7,2.12164
77,2.12064
77,2.12164
77.4,2.12064
77.5,2.12064
77.7,2.12164
77.6,2.12164
77.7,2.12264
78.3,2.12264
78.2,2.12264
77.8,2.12164
77.8,2.12264
78.6,2.12264
78.5,2.12264
78.5,2.12164
79,2.12264
78.7,2.12164
78.9,2.12264
79,2.12164
78.7,2.12164
79.1,2.12164
79,2.12264
79,2.12164
79.2,2.12164
79.7,2.12164
79.8,2.12064
79.8,2.12164
79.7,2.12264
80,2.12164
80.6,2.12064
80.6,2.12164
80.7,2.12064
81.1,2.12164
81.1,2.12264
81.4,2.12164
81.3,2.12164
81.6,2.12264
81.8,2.12164
81.8,2.12164
81.8,2.12064
81.9,2.12264
82.2,2.12064
82.2,2.12164
82.5,2.12064
82.6,2.12064
83.1,2.12064
83,2.12064
83,2.11864
83.3,2.11964
83.5,2.12064
83.8,2.12064
83.8,2.12064
83.9,2.12064
83.6,2.12064
83.9,2.12164
84,2.12064
84.1,2.11964
84.3,2.12064
84.2,2.11964
84.5,2.11964
84.9,2.12064
84.8,2.11964
85.2,2.12164
85.1,2.11964
85.7,2.11964
85.7,2.11964
85.8,2.11964
86,2.12064
86.3,2.12964
86.7,2.16264
86.6,2.19564
87.1,2.21164
87.3,2.21064
86.9,2.20164
87.2,2.19364
87.9,2.19164
88.2,2.19264
88.2,2.19364
88.2,2.19464
88.8,2.19464
89.3,2.19464
89.3,2.19264
89.5,2.19264
90.3,2.19164
90,2.19164
90.7,2.19164
91.1,2.19064
90.9,2.19064
91.4,2.19064
91.1,2.19064
91.6,2.19064
91.6,2.19064
92.3,2.19064
92.5,2.19064
92.6,2.19064
93.3,2.19064
94.3,2.19064
94.6,2.19064
94.9,2.19064
95.4,2.18864
95.2,2.18964
95.1,2.18964
95.6,2.18964
96.1,2.18764
97.2,2.18864
96.2,2.18864
96.6,2.18864
96.2,2.18864
97,2.18864
97.3,2.18864
97.4,2.18864
98.1,2.18864
97.9,2.18764
97.8,2.18764
98.6,2.18664
99.3,2.18664
99.6,2.18664
99.6,2.18764
100.1,2.18664
100.2,2.18764
100.3,2.18664
100.8,2.18664
102,2.18664
101.9,2.18664
102.5,2.18464
102.8,2.18464
103.7,2.18464
103.6,2.18464
104.4,2.18464
105.1,2.18364
105.3,2.18364
105.4,2.18464
105.4,2.18364
106.1,2.18364
106.4,2.18364
106.3,2.18264
107.4,2.18364
107.7,2.18364
107.8,2.18264
108.7,2.18264
109.2,2.18264
109.1,2.18264
109.3,2.18264
110,2.18264
109.9,2.18164
110.3,2.18164
110.5,2.18064
111,2.18064
111.5,2.18164
111.7,2.18064
112,2.18064
112.7,2.17964
112.5,2.18064
112.3,2.17964
113.1,2.17964
113.5,2.17864
114.4,2.17964
114.4,2.17864
114.9,2.17864
115.3,2.17864
115.5,2.17764
115.7,2.17764
116.9,2.17664
117.1,2.17664
117,2.17564
117.6,2.17564
117.5,2.17564
117.7,2.17564
117.9,2.17464
118.3,2.17564
119,2.17464
119.7,2.17464
119.3,2.17364
119.5,2.17464
120.1,2.17364
120.7,2.17364
121.1,2.17464
121.4,2.17364
121.6,2.17264
122.1,2.17264
122.5,2.17264
123.3,2.17264
123.7,2.17264
124,2.17264
124.1,2.17164
124.3,2.17164
125.3,2.17064
125.6,2.17164
126.1,2.17064
126.8,2.17164
126.4,2.16964
127,2.17064
127,2.17064
127.6,2.16964
127.8,2.17064
128.3,2.16964
129,2.16864
129.8,2.16964
129.8,2.16964
129.7,2.16864
129.9,2.16764
130.2,2.16764
130.6,2.16764
131.2,2.16764
131.7,2.16764
131.8,2.16764
132.3,2.16664
132.7,2.16764
132.6,2.16664
132.7,2.16764
133.3,2.16664
133.8,2.16664
134.8,2.16664
135.2,2.16664
135.1,2.16564
135,2.16564
135.7,2.16464
136.2,2.16464
136.1,2.16564
137,2.16564
137.9,2.17664
138.2,2.19564
138.5,2.21264
138.6,2.22164
139.5,2.22364
140.1,2.22164
140.7,2.22064
141.1,2.22064
141.8,2.21964
142.1,2.22064
142.1,2.22164
143.1,2.22164
143.5,2.22064
144.1,2.22064
145.3,2.22064
146.1,2.22064
146.6,2.21964
146.9,2.21964
147,2.22064
147.5,2.21964
147.9,2.22064
148.7,2.22064
149.9,2.21964
150,2.22064
150.5,2.21964
151,2.22064
151.1,2.21964
152.4,2.22064
153.4,2.21964
153.7,2.22064
154.4,2.21964
154.8,2.21964
155.6,2.21964
156.2,2.21964
156.6,2.21964
156.7,2.21964
156.9,2.22064
158,2.21964
158.6,2.21964
159.4,2.21964
160,2.21864
160.2,2.21964
160.8,2.22064
160.6,2.21964
160.6,2.21964
160.7,2.21964
161.4,2.21964
161.7,2.21964
162,2.21964
162.9,2.22064
163.7,2.21964
164.1,2.21964
164.8,2.21964
165.4,2.21964
165.7,2.21964
166.4,2.21964
166.2,2.21964
166.8,2.21964
167.6,2.21964
168,2.21964
168.2,2.21964
168.5,2.21964
168.8,2.21964
169.3,2.21964
169.9,2.21964
169.9,2.21964
170.3,2.21864
170.4,2.21964
170.5,2.21964
170.6,2.21964
170.9,2.21964
171.4,2.21864
172,2.21864
172.4,2.21964
172.7,2.21964
173.1,2.21864
173.8,2.21864
173.9,2.21864
174.2,2.21764
